{"lastrate": [36436.9, 36433.6, 36435, 36444.85, 36449.15, 36452.1, 36448.45, 36450.85, 36452.15, 36452.5, 36452.45, 36452.45, 36452.75, 36449.4, 36446.8, 36451.2, 36447.5, 36444.65, 36449.5, 36452.05, 36453.35, 36456.8, 36456.9, 36460.3, 36461.85, 36454.1, 36447.55, 36446.4, 36444.55, 36442.95, 36442.35, 36444.4, 36435.9, 36432.5, 36427.85, 36424.8, 36427.45, 36424.85, 36430, 36427.8, 36435.95, 36440.6, 36440.2, 36436.6, 36440.5, 36437.25, 36435.95, 36434.7, 36437.55, 36439, 36444.45, 36445.25, 36448, 36451.1, 36448.8, 36447.55, 36446.6, 36444, 36442.45, 36442.35, 36442.7, 36446.95, 36450.7, 36450.15, 36451.45, 36450.2, 36448.1, 36447.8, 36445.65, 36446.7, 36438.85, 36440.6, 36439.4, 36439.2, 36442.35, 36441.7, 36443.35, 36444.45, 36445.5, 36443.45, 36440.6, 36436, 36439.1, 36441.35, 36437.7, 36439.85, 36434.85, 36441.55, 36440.85, 36439.7, 36438.95, 36438.85, 36439.6, 36440.55, 36439.6, 36446.65, 36445.65, 36450.55, 36449.6, 36448.95, 36444.25, 36444.6, 36441.15, 36441.4, 36440.6, 36444.9, 36446.35, 36446.3, 36444.6, 36443.35, 36446, 36445.45, 36444.15, 36442.2, 36438.85, 36438.75, 36440, 36438.85, 36443.55, 36441.6], "k": [-4.6204166666674915, -4.046388888890093, -3.1719444444456415, -3.0459722222227965, -2.5550000000003514, -2.3706944444441738, -2.474027777777216, -1.6608333333326906, -1.707222222221147, -1.675833333332169, -1.1437499999984233, -0.9913888888871951, -1.9959722222200682, -2.414027777775967, -2.8170833333314174, -3.292499999997744, -3.7176388888873886, -4.331111111110113, -4.040694444443276, -4.623611111109979, -4.605138888887935, -5.634999999999369, -4.679999999999987, -5.058333333333698, -5.818750000000181, -6.661805555556384, -7.218472222223074, -7.372500000000825, -7.5202777777793015, -7.8875000000012125, -7.444444444446102, -6.836388888890846, -7.97388888889036, -7.8155555555564815, -7.700000000001152, -6.704722222223791, -5.285277777778599, -3.794583333333625, -3.5762499999995274, -2.0884722222222996, -1.4159722222222024, -0.9837499999996604, -0.0920833333330544, 0.8120833333332484, 1.5579166666664603, 2.2795833333334183, 2.756805555555183, 1.7891666666664605, 2.4127777777768644, 2.6518055555551356, 2.573472222222275, 2.775277777778138, 3.299861111111446, 3.1459722222227966, 2.9826388888896567, 2.6598611111120896, 2.3694444444457377, 2.1709722222229777, 1.698472222223548, 0.7873611111121135, 0.3916666666672124, 0.29750000000082466, -0.5783333333320115, -1.0941666666653571, -0.62916666666503, -0.8499999999978172, -0.9218055555534496, -0.5819444444421606, -0.18736111110877873, -0.5130555555530609, -0.06861111110877882, -0.05624999999830238, -0.1508333333322902, 0.2959722222232206, 0.5013888888899602, 1.260000000001007, 1.6927777777787316, 1.9591666666681706, 1.9251388888904937, 2.903333333335346, 2.1105555555577666, 1.8894444444467202, 2.563611111113399, 2.339444444446599, 2.045555555557379, 1.5468055555567237, 1.714444444445144, 2.042500000000109, 1.8819444444442222, 1.5512499999992844, 2.3601388888881045, 2.7579166666657935, 2.7177777777769125, 3.4016666666658546, 3.762083333332823, 3.6808333333330063, 3.829861111110768, 3.5441666666660847, 3.9605555555551595, 3.70583333333337, 3.8119444444446344, 3.266111111111301, 3.7594444444448523, 3.042083333333479, 2.291666666666303, 2.435555555555159, 1.7587500000000849, 1.5013888888892324, 1.3269444444450227, 1.8395833333337577, 1.6547222222226388, 2.180138888889936, 1.819583333334352, 1.7620833333347643, 1.9200000000014066, 1.8533333333343762, 1.820972222222675, 2.457500000000861, 1.888749999999952, 1.4137499999994665], "corr": []}