{"lastrate": [36842.85, 36837.45, 36838.2, 36836.5, 36835.85, 36832.3, 36831.7, 36831.5, 36829.2, 36835.35, 36840.2, 36834.45, 36837.7, 36839.55, 36838.85, 36841.15, 36842.3, 36841.15, 36844.45, 36848, 36859.95, 36867.4, 36861, 36856.75, 36856.55, 36860.15, 36865.75, 36862.05, 36862.7, 36859.05, 36852.85, 36855.25, 36852.8, 36851, 36856, 36856.45, 36857.7, 36853.9, 36853.1, 36853.55, 36850.05, 36850.8, 36831.15, 36819.2, 36802.8, 36824.1, 36809.5, 36807.6, 36809.8, 36787.65, 36788.9, 36786.65, 36795.75, 36800.35, 36796.45, 36784.25, 36777.85, 36771.5, 36763.65, 36763.2, 36757.75, 36757.35, 36744.95, 36758.4, 36759.35, 36774, 36776.8, 36768.8, 36766.45, 36766.6, 36767.35, 36765.7, 36759.3, 36759.9, 36757.9, 36766.3, 36760.3, 36758.8, 36752.45, 36750.95, 36758.1, 36765.15, 36764.1, 36754.3, 36753.9, 36767.1, 36772.2, 36780.65, 36786.2, 36785.1, 36789.6, 36785.15, 36776.05, 36768.55, 36764.9, 36760.4, 36758.45, 36757.55, 36754.8, 36749.05, 36751.3, 36750.7, 36745.5, 36746.25, 36750.2, 36744.05, 36750.25, 36747.15, 36749.6, 36755.2, 36764.5, 36766.3, 36756, 36754.35, 36748.55, 36746.15, 36743.05, 36753.35, 36751.9, 36746.55], "k": [-2.85888888888785, -2.5688888888878867, -2.2056944444434823, -1.4268055555539831, -1.5780555555535711, -1.880694444443058, -2.0426388888878133, -2.1404166666661086, -1.6002777777772281, -2.1790277777767795, -1.8726388888878018, -2.0327777777771794, -2.4624999999998796, -2.6440277777779557, -2.2381944444441615, -1.7562499999992724, -1.4298611111107071, -1.0399999999994787, -0.49097222222171677, 0.22361111111149512, 1.497638888889437, 2.858888888889487, 5.107222222223028, 6.021527777778586, 6.295138888889232, 6.358472222222554, 6.026388888889535, 5.995277777778271, 4.936805555556445, 3.887222222222833, 1.9769444444444768, 1.1279166666668365, -0.6829166666672486, -2.032361111111701, -2.563194444445253, -3.4361111111117375, -3.884861111111726, -5.017500000000412, -5.3761111111119435, -6.09472222222327, -5.8522222222237055, -6.658611111113108, -7.793611111112478, -9.125972222223087, -10.944861111111821, -12.871527777778162, -14.5331944444449, -14.484999999999975, -15.40694444444501, -17.384305555555752, -20.42569444444404, -22.558055555554773, -24.121666666665988, -24.66555555555551, -25.035277777777385, -25.360972222222397, -27.075138888889157, -30.330000000000656, -33.17250000000052, -33.562916666667, -35.88347222222244, -37.72138888888906, -38.235555555555464, -37.736527777777944, -37.09305555555608, -35.84000000000051, -34.02263888888956, -32.704305555556736, -31.301944444444963, -29.94541666666713, -26.563333333333688, -25.033750000000204, -24.761944444445, -24.63166666666718, -24.2377777777785, -23.951111111111885, -22.697777777778295, -22.68208333333338, -21.052361111111228, -21.260000000000037, -20.80152777777827, -19.299305555556263, -18.354305555556312, -18.253333333334012, -18.330000000000414, -18.879444444444196, -19.120833333332726, -17.076666666665915, -16.256111111110414, -15.371666666666169, -14.923888888888115, -14.649305555554747, -13.654444444444016, -14.163888888888625, -14.286111111111069, -14.58013888888939, -14.906388888889403, -15.650555555556457, -16.84208333333457, -17.64833333333548, -18.20597222222459, -19.088055555557972, -20.942638888890542, -20.98347222222334, -21.10472222222294, -20.508055555556652, -20.048055555556676, -20.034166666667804, -19.95319444444558, -18.938055555555913, -18.718750000000487, -17.3841666666672, -16.144166666667175, -15.366388888889073, -14.905555555556326, -14.799583333333915, -14.457777777779059, -13.489027777778514, -12.787777777778318, -12.274583333334219]}