{"lastrate": [36811.65, 36804.55, 36805.55, 36803.75, 36793.8, 36792.3, 36785.8, 36782.5, 36780.05, 36779.65, 36783, 36786.75, 36779.85, 36785, 36781, 36777.95, 36784.65, 36786.5, 36791.35, 36785.55, 36790.3, 36797.55, 36783.25, 36769.55, 36763.75, 36753.75, 36753.55, 36753.1, 36757.35, 36756.85, 36757, 36759, 36760.5, 36761.35, 36759.9, 36773.95, 36769.9, 36764.4, 36771.45, 36776.55, 36782.75, 36788.7, 36783.05, 36791.25], "k": [0, 0, 0, 0, 0, 0, 0, 0, 0, 0, 0, 4.7683333333319755, -2.228333333335468, -9.87000000000262, -0.5900000000001455, 2.4616666666617677, 2.6100000000020374, -19.27333333333081, -12.886666666665406, -22.609999999999125, -9.256666666661477, -12.419999999997525, -5.060000000000582, 1.4516666666684614, 15.376666666665551, 24.463333333331683, 11.373333333332265, 20.92999999999738, 9.913333333328774, 12.283333333333577, 9.763333333335321, 2.284999999997672, 1.3933333333312476, 0.3966666666638048, -7.334999999997672, -5.305000000003929, -8.989999999999418, -0.2866666666639503, -5.980000000003929, -6.183333333329211, -5.224999999996362, -4.911666666670499, -8.816666666664968, -5.606666666665842], "corr": [-0.9647137752161288, 1.2666922339914908, 1.1516095315558479, 0.8435426996747587, -1.066419256059797, -0.45675531370846234, -4.024923087104701, -5.443023524111739, -4.930556061919561, -4.742071062741335, -5.385145682259162, -5.108796903227548, -5.889529959851481, -7.560462506232266, -8.616540502844673, -8.874811368299728, -9.13610461206892, -9.001979787910381, -9.352458887279681, -9.084177844962277, -7.733716375831989, -6.156708251504083, -5.828927255147698, -8.779208115770997, -7.484209596225117, -7.925478986362671, -7.45667307259576, -7.444505920964325, -7.06693749978657, -5.820645006721746, -4.167853874685797, -3.7108165195626115, -1.0321880925181155]}