{"lastrate": [39543.2, 39543.25, 39543.2, 39541.8, 39542.2, 39540.7, 39533.25, 39528.7, 39531.3, 39523.75, 39530.5, 39530.8, 39534.95, 39532.4, 39531.25, 39525.2, 39517.9, 39523.35, 39524.4, 39528.15, 39530, 39528.2, 39528.5, 39522.95, 39526.25, 39520.5, 39521.1, 39525.9, 39525.05, 39521.05, 39518.1, 39514.75, 39513.35, 39512.8, 39512.45, 39509.65, 39509.35, 39510, 39516.05, 39515.85, 39516.65, 39530.3, 39524.5, 39525.15, 39527.45, 39529.65, 39533.85, 39534.4, 39530.7, 39530.4, 39536.1, 39534.45, 39537.1, 39534.2, 39534.75, 39531.65, 39536.35, 39533.15, 39533.25, 39530.5, 39533.2, 39529.85, 39530.5, 39528.6, 39528.1, 39519.25, 39521.9, 39520.55, 39521.8, 39520.95, 39515.75, 39524.65, 39526.05, 39526.7, 39525, 39520.95, 39526.85, 39525.75, 39526, 39525.55, 39525.8, 39527.1, 39528.4, 39527.6, 39527.65, 39529.35, 39524.9, 39525.8, 39520.85, 39519.45, 39519.55, 39516.8, 39517.25, 39511.9, 39511.05, 39511.15, 39509.95, 39507.2, 39508.8, 39508.5, 39510.55, 39509.9, 39508.45, 39507.8, 39504.45, 39509.05, 39506.9, 39504.65, 39501.8, 39504.95, 39503.15, 39505.1, 39506.15, 39514.7, 39516.85, 39517.35, 39517.7, 39513.05, 39509.85, 39508.6, 39507.7, 39506.95, 39509.35, 39510.15, 39512.15, 39510.4, 39509, 39512.75, 39508.9, 39509, 39506.4, 39507, 39512.7, 39510.85, 39513.45, 39512.35, 39513.9, 39515.4, 39516.4, 39525, 39530.15, 39531.2, 39532.75, 39527.8, 39526.25, 39525.55, 39526.7, 39527.7, 39526.3, 39521.95, 39524, 39522.85, 39527.05, 39528.65, 39525.9, 39530.6, 39528.95, 39528.65, 39535, 39533.8, 39534.2, 39539.95, 39540.25, 39540.65, 39544.5, 39539.35, 39544.05, 39542.05, 39547.85, 39541.7, 39546.85, 39545.35, 39548.75, 39543.9, 39546.3, 39552.15, 39552.55, 39553, 39557.35, 39557.55, 39557.05, 39560.65, 39560.8, 39557.9, 39557.95, 39555.4, 39558.65, 39557.15, 39556.7, 39556.35, 39559, 39553.6, 39556.9, 39554.5, 39556.75, 39558.8, 39554.9, 39558.05, 39555.35, 39556.3, 39554.3, 39549.7, 39550.6, 39549, 39549.45, 39551.3, 39546.85, 39545.65, 39548.05, 39546.9, 39545.45, 39542, 39543.05, 39543.85, 39543.4, 39542.25, 39543.8, 39542.85, 39543.75, 39548.75, 39550.4, 39552.95, 39558.15, 39558.35, 39557.8, 39558.55, 39558.3, 39557.8, 39558.8, 39559.95, 39560.9, 39558.8, 39559.55, 39561.95, 39562.25, 39565.55, 39563.75, 39567.8, 39564.7, 39562.6], "k": [-1.1904166666669578, -1.2908333333334667, -1.4087499999998423, -1.3841666666666548, -1.608333333333272, -1.8062499999998178, -1.8279166666665327, -1.8912499999997938, -1.9804166666664358, -1.8637499999998908, -1.9004166666666304, -1.7212499999999635, -1.6070833333332606, -1.7887500000000727, -1.9945833333333214, -2.4829166666663998, -3.1695833333332004, -3.5112499999998663, -3.30666666666657, -3.3620833333333695, -3.5495833333334907, -3.5008333333333814, -3.479166666666848, -3.421249999999903, -3.736666666666739, -3.7833333333335757, -3.7470833333335274, -3.5720833333337096, -3.598333333333661, -3.6745833333337945, -3.706666666667055, -3.925416666666933, -4.254583333333661, -4.165416666667018, -3.96125000000023, -3.627916666667079, -3.276250000000255, -3.07291666666697, -3.198333333333661, -3.0858333333335395, -2.816250000000279, -2.933333333333879, -2.945416666667188, -2.8370833333340366, -2.0095833333338913, -1.667916666667285, -1.4779166666673214, -1.3662500000006428, -1.0333333333336971, -0.9258333333336244, -0.8945833333336246, -0.568333333333491, -0.06250000000018185, 0.21583333333340615, 0.5724999999999154, 0.8758333333332605, 0.8791666666666063, 0.8508333333332, 0.4629166666666915, -0.002083333333393611, -0.6166666666665463, -0.6824999999996479, -0.9445833333329574, -1.1641666666661576, -1.7845833333329217, -2.270416666666158, -2.7524999999996, -3.362499999999635, -3.777083333333211, -4.185833333332994, -4.029166666666424, -4.273333333333297, -4.4633333333335035, -5.0354166666668485, -5.194583333333503, -5.319583333333322, -5.391666666666667, -5.428333333333285, -5.192916666666618, -4.78708333333343, -4.04125000000034, -3.7133333333336846, -3.4812500000004243, -3.1862500000004124, -2.550000000000545, -1.992500000000473, -1.6420833333337823, -1.4733333333337821, -1.1379166666669334, -0.9079166666669458, -1.2512500000003755, -1.5925000000004115, -2.006250000000243, -1.9658333333337703, -2.2729166666672125, -2.756666666667419, -3.143333333334038, -3.317916666667225, -3.298333333334025, -3.3316666666672363, -3.705000000000534, -4.096250000000691, -4.3266666666671885, -4.769583333334048, -5.231666666667176, -5.797500000000704, -5.922083333334012, -5.705833333333915, -5.8075000000008, -6.099166666667468, -5.749583333334037, -5.243333333333855, -4.68375000000057, -4.477083333333698, -4.240416666666837, -3.870833333333394, -3.334583333333406, -3.0566666666669944, -3.0708333333334545, -3.377916666666715, -3.6145833333330906, -3.619583333332897, -3.596666666666291, -3.2945833333328967, -3.1633333333330786, -2.7166666666663026, -2.3237499999995634, -2.3616666666661326, -2.3866666666660725, -2.278749999999551, -2.392083333332873, -2.3354166666663025, -2.5816666666660844, -2.652083333332848, -2.6137499999994662, -2.25416666666612, -2.180833333333006, -2.1812499999995754, -1.9587499999997209, -1.7216666666664726, -1.3262500000000121, -1.447083333333346, -1.3483333333334182, -1.3904166666667759, -1.445416666666703, -1.327500000000085, -1.399166666666618, -0.8483333333331755, -0.474583333333249, 0.08541666666684877, 0.3045833333336001, 0.562916666666994, 0.8929166666667396, 1.2016666666665814, 1.4245833333330662, 1.5366666666663757, 2.1974999999999163, 2.773749999999927, 3.11833333333331, 3.7445833333332006, 4.4716666666667155, 5.18125, 5.937500000000001, 6.6241666666667385, 7.203750000000097, 7.744583333333624, 8.145416666666703, 8.141666666666424, 7.990416666666654, 8.197083333333286, 8.327500000000025, 8.476666666666704, 8.772083333333528, 9.02375000000023, 9.350000000000183, 9.34333333333337, 9.181666666666448, 9.179583333333177, 9.146249999999904, 9.034166666666595, 8.723749999999685, 8.545416666666158, 8.15374999999937, 7.818749999999394, 7.544999999999527, 7.21041666666606, 6.969999999999466, 6.90333333333286, 7.068333333332885, 6.864166666666158, 6.767083333332751, 6.595833333332727, 6.3620833333326425, 6.163749999999405, 5.889166666666217, 5.97208333333286, 5.854999999999624, 5.621666666666169, 5.532916666666157, 5.351666666666157, 5.093333333332824, 5.062499999999697, 4.957499999999891, 4.7974999999999755, 4.9874999999999385, 4.692083333333236, 4.781666666666691, 4.822083333333345, 4.881249999999757, 4.982499999999648, 5.225833333333078, 5.315833333332981, 5.4399999999996, 5.472083333332981, 5.242499999999564, 4.912499999999697, 4.5995833333330065, 4.35666666666657, 4.327916666666473, 4.424166666666618, 4.517916666666679, 4.747499999999976, 4.9508333333331995, 5.221249999999904, 5.164999999999661, 5.498333333332993, 5.887499999999454, 6.1062499999993936, 6.31041666666606, 6.382916666666279, 6.408333333332727, 6.349166666665952, 6.33583333333263, 6.34124999999937, 6.327083333332787, 6.330416666666012, 6.483333333332849, 6.458749999999297, 6.2183333333327635, 5.992499999999502],